{
    "selected_units": {
        "Allied": {
            "Infantry": {
                "GI": true,
                "Allied Dog": false,
                "GGI": false,
                "Allied Engineer": false,
                "Chrono Legionnaire": true,
                "Spy": true,
                "Rocketeer": true,
                "Tanya": true,
                "Navy Seal": true
            },
            "Structure": {
                "Allied Power Plant": false,
                "Allied Barracks": false,
                "SpySat": false,
                "Allied Naval Yard": false,
                "Chronoshpere": false,
                "Allied Service Depot": false,
                "Gap Generator": false,
                "Grand Cannon": false,
                "Ore Purifier": false,
                "Allied AFC": false,
                "PillBox": false,
                "Allied Battle Lab": false,
                "Robot Control Center": false,
                "Allied Ore Refinery": false,
                "Weather Controller": false,
                "Allied War Factory": true
            },
            "Tank": {
                "Grizzly": true,
                "IFV": true,
                "Chrono Miner": true,
                "Battle Fortress": false,
                "Allied MCV": false,
                "Allied Amphibious Transport": false,
                "Prism Tank": true,
                "Tank Destroyer": false,
                "Robot Tank": false,
                "NightHawk Transport": false,
                "Mirage Tank": true
            },
            "Naval": {
                "Agis Cruiser": false,
                "Aircraft Carrier": true,
                "Destroyer": true,
                "Dolphin": true,
                "Allied Amphibious Transport": false
            },
            "Aircraft": {
                "Black Eagle": true,
                "Harrier": true
            }
        },
        "Soviet": {
            "Infantry": {
                "Desolator": false,
                "conscript": false,
                "Boris": false,
                "Flak Trooper": false,
                "Soviet Engineer": false,
                "Soviet Dog": true,
                "Ivan": false,
                "Terrorist": false
            },
            "Structure": {
                "Soviet Barracks": false,
                "Battle Bunker": false,
                "Soviet War Factory": true,
                "Sov Ore Ref": false,
                "Flak Cannon": false,
                "Iron Curtain": false,
                "Sentry Gun": false,
                "Industrial Plant": false,
                "Nuclear Missile Launcher": false,
                "Sov Radar": false,
                "Nuclear Reactor": false,
                "Tesla Reactor": false,
                "Sov Service Depot": false,
                "Sov Naval Yard": false,
                "Tesla Coil": false
            },
            "Tank": {
                "Rhino Tank": true,
                "Apoc": false,
                "Terror Drone": true,
                "Siege Chopper": false,
                "Kirov": false,
                "War Miner": true,
                "V3 Rocket Launcher": false,
                "Soviet MCV": false,
                "Demolition truck": false
            },
            "Naval": {
                "Dreadnought": true,
                "Squid": true,
                "Typhoon attack sub": true,
                "Sea Scorpion": false
            },
            "Aircraft": {}
        },
        "Yuri": {
            "Infantry": {
                "Initiate": false,
                "Virus": false,
                "Yuri Clone": false,
                "Yuri Engineer": false,
                "Yuri Prime": false,
                "Brute": true
            },
            "Structure": {
                "Yuri War Factory": true,
                "Yuri Barracks": false,
                "Cloning Vats": false,
                "Tank Bunker": false,
                "Gattling Cannon": false,
                "Grinder": false,
                "Yuri Radar": false,
                "Psychic Tower": false,
                "Psychic dominator": false,
                "Yuri Battle Lab": false,
                "Bio Reactor": false,
                "Slave Miner Deployed": true,
                "Yuri Naval Yard": false
            },
            "Tank": {
                "Gattling Tank": true,
                "Chaos Drone": false,
                "Disc": true,
                "Magnetron": true,
                "Mastermind": true,
                "Lasher": true,
                "Yuri Amphibious Transport": false,
                "Yuri MCV": false
            },
            "Naval": {
                "Boomer Sub": true,
                "Yuri Amphibious Transport": false
            },
            "Aircraft": {}
        }
    }
}